{
  "default_source": "gdrive_primary",
  "sources": {
    "veeva_primary": {
      "source_type": "veeva",
      "vault_dns": "qualitydocs-yourcompany.veevavault.com",
      "username": "your.email@company.com",
      "password": "your_password",
      "api_version": "v25.2"
    },
    "gdrive_primary": {
      "source_type": "googledrive",
      "folder_name": "DigitisationEngineSource",
      "client_id": "YOUR_CLIENT_ID.apps.googleusercontent.com",
      "client_secret": "YOUR_CLIENT_SECRET"
    },
    "gdrive_replit_connector": {
      "source_type": "googledrive",
      "folder_name": "DigitisationEngineSource"
    }
  },
  "workflow": {
    "mode": "auto",
    "document_limit": 10,
    "download_files": true,
    "query": null,
    "filters": {
      "name_contains": null,
      "file_type": null,
      "modified_after": null
    }
  },
  "_examples": {
    "_comment": "Below are example filter configurations - copy the relevant section to 'workflow' above",
    "filter_by_document_name": {
      "filters": {
        "name_contains": "Specification"
      }
    },
    "filter_pdf_only": {
      "filters": {
        "file_type": "pdf"
      }
    },
    "filter_recent_documents": {
      "filters": {
        "modified_after": "2025-10-01"
      }
    },
    "filter_combined": {
      "filters": {
        "name_contains": "Contract",
        "file_type": "pdf",
        "modified_after": "2025-09-01"
      }
    },
    "custom_query_advanced": {
      "query": "name contains 'Specification' and mimeType='application/pdf'"
    }
  }
}
