document_id,company_document_id,document_name,document_version,processing_status,type,subtype,classification,lifecycle,status,keywords,pdf_path,extracted_at,processed_at,ocr_completed,validation_status,audit_notes,processed_by,reviewed_by,review_date
1Wc928JsEaQdX8XAPk46m8JEVfElXXkx9,,Formulation_Spec_Kids_Fluoride_Toothpaste.pdf,,Extracted - Not Processed,Unknown,,,,,"Owner:Sudhir Nilekar, Formulation_Spec_Kids_Fluoride_Toothpaste.pdf, PDF",downloads/document_1Wc928JsEaQdX8XAPk46m8JEVfElXXkx9.pdf,2025-10-26T21:07:43.763302,2025-10-26T21:07:43.763291,,,,,,
1uNlc6qWAKjaoTx9zfnwkJgjGyI5aWXGs,,Formulation_Spec_Herbal_Toothpaste.pdf,,Extracted - Not Processed,Unknown,,,,,"Formulation_Spec_Herbal_Toothpaste.pdf, Owner:Sudhir Nilekar, PDF",downloads/document_1uNlc6qWAKjaoTx9zfnwkJgjGyI5aWXGs.pdf,2025-10-26T21:07:44.818237,2025-10-26T21:07:44.818228,,,,,,
1qGb3p5w7qruv4vpW5erOVEiBD_I_WbkT,,Formulation_Spec_Sensitive_Toothpaste.pdf,,Extracted - Not Processed,Unknown,,,,,"Owner:Sudhir Nilekar, Formulation_Spec_Sensitive_Toothpaste.pdf, PDF",downloads/document_1qGb3p5w7qruv4vpW5erOVEiBD_I_WbkT.pdf,2025-10-26T21:07:45.916888,2025-10-26T21:07:45.916879,,,,,,
1k5S5egXNlmeSySvTVrvI5uqnUXmLBXxo,,Formulation_Spec_Whitening_Toothpaste.pdf,,Extracted - Not Processed,Unknown,,,,,"Owner:Sudhir Nilekar, Formulation_Spec_Whitening_Toothpaste.pdf, PDF",downloads/document_1k5S5egXNlmeSySvTVrvI5uqnUXmLBXxo.pdf,2025-10-26T21:07:47.421404,2025-10-26T21:07:47.421394,,,,,,
1-WT1g4JtnsFd3F8hmSoUuJRfnMJt-MDb,,Formulation_Spec_Fluoride_Toothpaste.pdf,,Extracted - Not Processed,Unknown,,,,,"Owner:Sudhir Nilekar, Formulation_Spec_Fluoride_Toothpaste.pdf, PDF",downloads/document_1-WT1g4JtnsFd3F8hmSoUuJRfnMJt-MDb.pdf,2025-10-26T21:07:48.450132,2025-10-26T21:07:48.450118,,,,,,
1RXI_H4SejCfA0Wn1xCG1bawOBFlePcI4,,Formulation_Spec_Loperamide_2_mg_Tablets.pdf,,Extracted - Not Processed,Unknown,,,,,"Owner:Sudhir Nilekar, Formulation_Spec_Loperamide_2_mg_Tablets.pdf, PDF",downloads/document_1RXI_H4SejCfA0Wn1xCG1bawOBFlePcI4.pdf,2025-10-26T21:07:50.100337,2025-10-26T21:07:50.100328,,,,,,
1ykcNHM_Njx_FXCBmCpa2aWIfVVgtEqkx,,Formulation_Spec_Cetirizine_10_mg_Tablets.pdf,,Extracted - Not Processed,Unknown,,,,,"Owner:Sudhir Nilekar, Formulation_Spec_Cetirizine_10_mg_Tablets.pdf, PDF",downloads/document_1ykcNHM_Njx_FXCBmCpa2aWIfVVgtEqkx.pdf,2025-10-26T21:07:51.652321,2025-10-26T21:07:51.652309,,,,,,
1vXSR7Z2MZSGktA6g5Q77ZswmritK7Y_2,,Formulation_Spec_Aspirin_300_mg_Tablets.pdf,,Extracted - Not Processed,Unknown,,,,,"Owner:Sudhir Nilekar, Formulation_Spec_Aspirin_300_mg_Tablets.pdf, PDF",downloads/document_1vXSR7Z2MZSGktA6g5Q77ZswmritK7Y_2.pdf,2025-10-26T21:07:52.861615,2025-10-26T21:07:52.861605,,,,,,
1hZpbkA_gUCn8TCJ4suf951e-dHd9TVrm,,Formulation_Spec_Ibuprofen_200_mg_Tablets.pdf,,Extracted - Not Processed,Unknown,,,,,"Formulation_Spec_Ibuprofen_200_mg_Tablets.pdf, Owner:Sudhir Nilekar, PDF",downloads/document_1hZpbkA_gUCn8TCJ4suf951e-dHd9TVrm.pdf,2025-10-26T21:07:54.120460,2025-10-26T21:07:54.120448,,,,,,
1DLXY5UvtsPTtUZGcGrnBUtQRcp1HOjTP,,Formulation_Spec_Paracetamol_500_mg_Tablets.pdf,,Extracted - Not Processed,Unknown,,,,,"Owner:Sudhir Nilekar, PDF, Formulation_Spec_Paracetamol_500_mg_Tablets.pdf",downloads/document_1DLXY5UvtsPTtUZGcGrnBUtQRcp1HOjTP.pdf,2025-10-26T21:07:55.359326,2025-10-26T21:07:55.359315,,,,,,
1hm-xHr2BqHDd4AkdJLjNNepoGEiWOrM7,,Formulation_Spec_Colour-Protect_Shampoo.pdf,,Extracted - Not Processed,Unknown,,,,,"Owner:Sudhir Nilekar, Formulation_Spec_Colour-Protect_Shampoo.pdf, PDF",downloads/document_1hm-xHr2BqHDd4AkdJLjNNepoGEiWOrM7.pdf,2025-10-29T13:47:30.243814,2025-10-29T13:47:30.243803,,,,,,
