error_type,error_message,document_id,document_name,original_extraction_date,duplicate_extraction_date,pdf_path,keywords
Duplicate,Document already extracted on 2025-10-26T21:07:52.861793,1vXSR7Z2MZSGktA6g5Q77ZswmritK7Y_2,Formulation_Spec_Aspirin_300_mg_Capsules.pdf,2025-10-26T21:07:52.861793,2025-10-29T13:52:38.636923,downloads/document_1vXSR7Z2MZSGktA6g5Q77ZswmritK7Y_2.pdf,"Owner:Sudhir Nilekar, Formulation_Spec_Aspirin_300_mg_Capsules.pdf, PDF"
Duplicate,Document already extracted on 2025-10-29T13:47:30.243976,1hm-xHr2BqHDd4AkdJLjNNepoGEiWOrM7,Formulation_Spec_Colour-Protect_Shampoo.pdf,2025-10-29T13:47:30.243976,2025-10-29T13:52:39.842537,downloads/document_1hm-xHr2BqHDd4AkdJLjNNepoGEiWOrM7.pdf,"Owner:Sudhir Nilekar, Formulation_Spec_Colour-Protect_Shampoo.pdf, PDF"
Duplicate,Document already extracted on 2025-10-26T21:07:43.763966,1Wc928JsEaQdX8XAPk46m8JEVfElXXkx9,Formulation_Spec_Kids_Fluoride_Toothpaste.pdf,2025-10-26T21:07:43.763966,2025-10-29T13:52:41.285775,downloads/document_1Wc928JsEaQdX8XAPk46m8JEVfElXXkx9.pdf,"Owner:Sudhir Nilekar, Formulation_Spec_Kids_Fluoride_Toothpaste.pdf, PDF"
Duplicate,Document already extracted on 2025-10-26T21:07:44.818447,1uNlc6qWAKjaoTx9zfnwkJgjGyI5aWXGs,Formulation_Spec_Herbal_Toothpaste.pdf,2025-10-26T21:07:44.818447,2025-10-29T13:52:42.156826,downloads/document_1uNlc6qWAKjaoTx9zfnwkJgjGyI5aWXGs.pdf,"Formulation_Spec_Herbal_Toothpaste.pdf, Owner:Sudhir Nilekar, PDF"
Duplicate,Document already extracted on 2025-10-26T21:07:45.917041,1qGb3p5w7qruv4vpW5erOVEiBD_I_WbkT,Formulation_Spec_Sensitive_Toothpaste.pdf,2025-10-26T21:07:45.917041,2025-10-29T13:52:43.107970,downloads/document_1qGb3p5w7qruv4vpW5erOVEiBD_I_WbkT.pdf,"Formulation_Spec_Sensitive_Toothpaste.pdf, Owner:Sudhir Nilekar, PDF"
Duplicate,Document already extracted on 2025-10-26T21:07:47.421559,1k5S5egXNlmeSySvTVrvI5uqnUXmLBXxo,Formulation_Spec_Whitening_Toothpaste.pdf,2025-10-26T21:07:47.421559,2025-10-29T13:52:44.069123,downloads/document_1k5S5egXNlmeSySvTVrvI5uqnUXmLBXxo.pdf,"Owner:Sudhir Nilekar, PDF, Formulation_Spec_Whitening_Toothpaste.pdf"
Duplicate,Document already extracted on 2025-10-26T21:07:48.450499,1-WT1g4JtnsFd3F8hmSoUuJRfnMJt-MDb,Formulation_Spec_Fluoride_Toothpaste.pdf,2025-10-26T21:07:48.450499,2025-10-29T13:52:45.690110,downloads/document_1-WT1g4JtnsFd3F8hmSoUuJRfnMJt-MDb.pdf,"Owner:Sudhir Nilekar, PDF, Formulation_Spec_Fluoride_Toothpaste.pdf"
Duplicate,Document already extracted on 2025-10-26T21:07:50.100445,1RXI_H4SejCfA0Wn1xCG1bawOBFlePcI4,Formulation_Spec_Loperamide_2_mg_Tablets.pdf,2025-10-26T21:07:50.100445,2025-10-29T13:52:46.660515,downloads/document_1RXI_H4SejCfA0Wn1xCG1bawOBFlePcI4.pdf,"Owner:Sudhir Nilekar, PDF, Formulation_Spec_Loperamide_2_mg_Tablets.pdf"
Duplicate,Document already extracted on 2025-10-26T21:07:51.652545,1ykcNHM_Njx_FXCBmCpa2aWIfVVgtEqkx,Formulation_Spec_Cetirizine_10_mg_Tablets.pdf,2025-10-26T21:07:51.652545,2025-10-29T13:52:48.040159,downloads/document_1ykcNHM_Njx_FXCBmCpa2aWIfVVgtEqkx.pdf,"Owner:Sudhir Nilekar, PDF, Formulation_Spec_Cetirizine_10_mg_Tablets.pdf"
Duplicate,Document already extracted on 2025-10-26T21:07:54.121010,1hZpbkA_gUCn8TCJ4suf951e-dHd9TVrm,Formulation_Spec_Ibuprofen_200_mg_Tablets.pdf,2025-10-26T21:07:54.121010,2025-10-29T13:52:49.220049,downloads/document_1hZpbkA_gUCn8TCJ4suf951e-dHd9TVrm.pdf,"Formulation_Spec_Ibuprofen_200_mg_Tablets.pdf, Owner:Sudhir Nilekar, PDF"
Duplicate,Document already extracted on 2025-10-26T21:07:55.359539,1DLXY5UvtsPTtUZGcGrnBUtQRcp1HOjTP,Formulation_Spec_Paracetamol_500_mg_Tablets.pdf,2025-10-26T21:07:55.359539,2025-10-29T13:52:50.293983,downloads/document_1DLXY5UvtsPTtUZGcGrnBUtQRcp1HOjTP.pdf,"Owner:Sudhir Nilekar, Formulation_Spec_Paracetamol_500_mg_Tablets.pdf, PDF"
